step,time,fair_value,sigma,bid,ask,inventory,cash,mark_to_market
0,0,100,2,99.1546,100.845,0,0,0
1,0.005,91.5994,2,90.755,92.4437,0,0,0
2,0.01,74.3682,2,73.5248,75.2116,-1,75.2116,0.843385
3,0.015,92.0989,2,91.6505,93.3353,-1,75.2116,-16.8873
4,0.02,78.6539,2,78.2045,79.8873,-1,75.2116,-3.44232
5,0.025,80.7604,2,80.31,81.9907,-1,75.2116,-5.5488
6,0.03,60.6055,2,60.1541,61.8329,-1,75.2116,14.606
7,0.035,48.4799,2,48.0275,49.7043,-1,75.2116,26.7316
8,0.04,45.9044,2,45.451,47.1258,-1,75.2116,29.3072
9,0.045,51.3121,2,50.8577,52.5304,0,24.3539,24.3539
10,0.05,51.3166,2,50.4813,52.152,0,24.3539,24.3539
11,0.055,36.7388,2,35.9044,37.5732,1,-11.5505,25.1883
12,0.06,29.7743,2,28.5649,30.2316,1,-11.5505,18.2237
13,0.065,33.4121,2,32.2058,33.8705,1,-11.5505,21.8616
14,0.07,36.1719,2,34.9686,36.6313,0,25.0808,25.0808
15,0.075,36.0165,2,35.1861,36.8469,0,25.0808,25.0808
16,0.08,31.3827,2,30.5533,32.2121,0,25.0808,25.0808
17,0.085,31.8504,2,31.022,32.6788,0,25.0808,25.0808
18,0.09,32.4126,2,31.5852,33.24,-1,58.3208,25.9082
19,0.095,29.7507,2,29.2863,30.9391,0,29.0345,29.0345
20,0.1,32.8774,2,32.052,33.7028,0,29.0345,29.0345
21,0.105,33.3486,2,32.5243,34.173,0,29.0345,29.0345
22,0.11,31.0124,2,30.1891,31.8358,0,29.0345,29.0345
23,0.115,39.0756,2,38.2532,39.898,0,29.0345,29.0345
24,0.12,44.0894,2,43.2681,44.9108,0,29.0345,29.0345
25,0.125,36.2952,2,35.4748,37.1156,0,29.0345,29.0345
26,0.13,34.0511,2,33.2318,34.8705,0,29.0345,29.0345
27,0.135,30.347,2,29.5287,31.1654,0,29.0345,29.0345
28,0.14,28.244,2,27.4266,29.0614,0,29.0345,29.0345
29,0.145,26.3264,2,25.51,27.1428,0,29.0345,29.0345
30,0.15,31.6878,2,30.8724,32.5032,0,29.0345,29.0345
31,0.155,31.812,2,30.9976,32.6264,0,29.0345,29.0345
32,0.16,29.8921,2,29.0787,30.7055,0,29.0345,29.0345
33,0.165,24.7181,2,23.9057,25.5304,0,29.0345,29.0345
34,0.17,28.2495,2,27.4381,29.0609,0,29.0345,29.0345
35,0.175,22.6831,2,21.8727,23.4935,0,29.0345,29.0345
36,0.18,21.5639,2,20.7545,22.3733,0,29.0345,29.0345
37,0.185,21.1784,2,20.37,21.9868,-1,51.0213,29.8429
38,0.19,18.7563,2,18.2729,19.8877,-1,51.0213,32.2651
39,0.195,18.7483,2,18.2639,19.8767,0,32.7574,32.7574
40,0.2,16.0255,2,15.2201,16.8309,0,32.7574,32.7574
41,0.205,15.2853,2,14.4809,16.0897,0,32.7574,32.7574
42,0.21,16.3301,2,15.5267,17.1335,0,32.7574,32.7574
43,0.215,20.0683,2,19.2659,20.8706,0,32.7574,32.7574
44,0.22,26.2025,2,25.4011,27.0039,0,32.7574,32.7574
45,0.225,27.7569,2,26.9565,28.5572,0,32.7574,32.7574
46,0.23,27.9484,2,27.149,28.7478,0,32.7574,32.7574
47,0.235,24.5104,2,23.712,25.3088,0,32.7574,32.7574
48,0.24,21.7876,2,20.9902,22.585,0,32.7574,32.7574
49,0.245,23.6119,2,22.8156,24.4083,0,32.7574,32.7574
50,0.25,23.5347,2,22.7393,24.33,0,32.7574,32.7574
51,0.255,36.1971,2,35.4027,36.9915,0,32.7574,32.7574
52,0.26,33.2374,2,32.444,34.0308,1,0.313353,33.5508
53,0.265,34.5549,2,33.4685,35.0533,1,0.313353,34.8683
54,0.27,32.2131,2,31.1297,32.7125,1,0.313353,32.5264
55,0.275,23.2374,2,22.157,23.7378,1,0.313353,23.5507
56,0.28,29.4889,2,28.4115,29.9903,1,0.313353,29.8022
57,0.285,28.1248,2,27.0504,28.6272,2,-26.737,29.5125
58,0.29,31.3852,2,30.0298,31.6045,2,-26.737,36.0333
59,0.295,41.7393,2,40.3889,41.9617,1,15.2247,56.964
60,0.3,44.5182,2,43.4528,45.0236,0,60.2483,60.2483
61,0.305,50.6546,2,49.8702,51.439,0,60.2483,60.2483
62,0.31,38.2136,2,37.4302,38.9969,0,60.2483,60.2483
63,0.315,33.3362,2,32.5538,34.1185,0,61.813,61.813
64,0.32,34.5816,2,33.8002,35.3629,1,28.0129,62.5944
65,0.325,39.7104,2,38.66,40.2208,1,28.0129,67.7233
66,0.33,47.585,2,46.5377,48.0964,0,76.1093,76.1093
67,0.335,56.1869,2,55.4085,56.9653,1,20.7008,76.8877
68,0.34,50.4476,2,49.4062,50.9609,0,71.6617,71.6617
69,0.345,59.8658,2,59.0894,60.6422,0,71.6617,71.6617
70,0.35,53.4787,2,52.7033,54.2541,1,18.9584,72.4371
71,0.355,47.2883,2,46.2559,47.8047,1,18.9584,66.2468
72,0.36,46.7943,2,45.7649,47.3117,2,-26.8065,66.7822
73,0.365,49.8119,2,48.5315,50.0763,2,-26.8065,72.8173
74,0.37,48.1593,2,46.8839,48.4267,1,21.6202,69.7795
75,0.375,57.6803,2,56.6599,58.2007,2,-35.0397,80.3209
76,0.38,52.3458,2,51.0804,52.6192,2,-35.0397,69.6519
77,0.385,46.6555,2,45.3951,46.9319,1,11.8922,58.5477
78,0.39,53.3282,2,52.3168,53.8516,0,65.7438,65.7438
79,0.395,48.811,2,48.0446,49.5773,-1,115.321,66.5102
80,0.4,51.4007,2,50.8753,52.4061,-1,116.852,65.4512
81,0.405,49.8444,2,49.318,50.8468,-1,116.852,67.0075
82,0.41,49.5127,2,48.9853,50.512,-1,116.852,67.3392
83,0.415,47.2616,2,46.7333,48.258,-1,116.852,69.5902
84,0.42,60.691,2,60.1616,61.6844,-1,116.852,56.1609
85,0.425,58.461,2,57.9307,59.4514,-1,116.852,58.3908
86,0.43,72.311,2,71.7796,73.2984,-1,116.852,44.5409
87,0.435,79.68,2,79.1476,80.6644,-1,118.369,38.6887
88,0.44,73.2202,2,72.6868,74.2016,-2,192.57,46.1298
89,0.445,65.1649,2,64.8525,66.3653,-2,192.57,62.2405
90,0.45,65.3424,2,65.027,66.5378,-2,192.57,61.8855
91,0.455,82.0617,2,81.7433,83.2521,-2,192.57,28.4469
92,0.46,79.0836,2,78.7622,80.269,-2,192.57,34.403
93,0.465,76.5549,2,76.2305,77.7353,-2,192.57,39.4605
94,0.47,62.4158,2,62.0884,63.5911,-1,130.482,68.0661
95,0.475,62.2159,2,61.6755,63.1763,-1,130.482,68.266
96,0.48,49.33,2,48.7886,50.2874,-2,180.769,82.1093
97,0.485,40.6647,2,40.3283,41.8251,-1,140.441,99.7763
98,0.49,40.6867,2,40.1434,41.6381,-1,140.441,99.7542
99,0.495,35.5584,2,35.014,36.5067,-1,140.441,104.883
100,0.5,34.0639,2,33.5185,35.0093,-1,140.441,106.377
101,0.505,29.4639,2,28.9175,30.4063,-1,140.441,110.977
102,0.51,29.268,2,28.7207,30.2074,-1,140.441,111.173
103,0.515,25.2614,2,24.713,26.1978,-1,140.441,115.18
104,0.52,22.4479,2,21.8985,23.3813,-1,140.441,117.993
105,0.525,21.4066,2,20.8562,22.337,-1,140.441,119.034
106,0.53,20.6816,2,20.1302,21.609,-2,162.05,120.687
107,0.535,15.6877,2,15.3213,16.7981,-1,146.729,131.041
108,0.54,19.4973,2,18.9439,20.4187,-1,146.729,127.231
109,0.545,22.6973,2,22.1429,23.6157,-1,148.201,125.504
110,0.55,20.986,2,20.4307,21.9014,-1,148.201,127.215
111,0.555,23.9993,2,23.4429,24.9116,-1,148.201,124.202
112,0.56,20.6683,2,20.1109,21.5777,-1,148.201,127.533
113,0.565,17.1592,2,16.6009,18.0656,-1,148.201,131.042
114,0.57,22.3006,2,21.7412,23.2039,-1,148.201,125.901
115,0.575,20.738,2,20.1776,21.6384,-2,169.84,128.364
116,0.58,25.5475,2,25.1541,26.6129,-2,169.84,118.745
117,0.585,19.2831,2,18.8868,20.3435,-1,150.953,131.67
118,0.59,16.5855,2,16.0221,17.4769,-1,152.408,135.822
119,0.595,15.4997,2,14.9353,16.3881,-1,153.861,138.361
120,0.6,15.5691,2,15.0037,16.4545,-1,153.861,138.291
121,0.605,13.6362,2,13.0698,14.5186,0,140.791,140.791
122,0.61,14.2082,2,13.4848,14.9315,0,140.791,140.791
123,0.615,12.3195,2,11.5971,13.0419,0,140.791,140.791
124,0.62,10.0264,2,9.30501,10.7478,0,140.791,140.791
125,0.625,9.46212,2,8.74173,10.1825,1,132.049,141.511
126,0.63,9.13347,2,8.26608,9.70485,1,132.049,141.182
127,0.635,8.73965,2,7.87527,9.31204,1,132.049,140.789
128,0.64,8.35484,2,7.49345,8.92822,0,140.977,140.977
129,0.645,8.0769,2,7.36052,8.79329,1,133.617,141.694
130,0.65,8.67238,2,7.81699,9.24776,1,133.617,142.289
131,0.655,7.49949,2,6.6471,8.07587,1,133.617,141.116
132,0.66,6.77132,2,5.92193,7.3487,1,133.617,140.388
133,0.665,7.42176,2,6.57538,8.00015,1,135.042,142.463
134,0.67,8.74942,2,7.90603,9.3288,1,135.042,143.791
135,0.675,8.342,2,7.50161,8.92238,2,127.54,144.224
136,0.68,10.3045,2,9.33908,10.7579,2,127.54,148.149
137,0.685,8.87716,2,7.91677,9.33354,3,119.623,146.255
138,0.69,8.88899,2,7.8096,9.22437,3,119.623,146.29
139,0.695,8.83691,2,7.76452,9.1773,3,119.623,146.134
140,0.7,7.41002,2,6.34463,7.7554,3,119.623,141.853
141,0.705,6.28534,2,5.22695,6.63572,3,121.032,139.888
142,0.71,6.12456,2,5.07317,6.47994,2,127.512,139.761
143,0.715,5.4669,2,4.53651,5.94128,1,133.453,138.92
144,0.72,5.95364,2,5.14026,6.54303,2,128.313,140.22
145,0.725,5.54279,2,4.6224,6.02317,1,134.336,139.879
146,0.73,4.74814,2,3.94075,5.33952,0,139.676,139.676
147,0.735,4.78647,2,4.08808,5.48485,1,135.587,140.374
148,0.74,5.24526,2,4.44388,5.83865,0,141.426,141.426
149,0.745,5.48671,2,4.79033,6.1831,1,136.636,142.122
150,0.75,6.32085,2,5.52546,6.91624,1,136.636,142.957
151,0.755,7.3926,2,6.60022,7.98899,1,136.636,144.028
152,0.76,6.43815,2,5.64876,7.03553,0,143.671,143.671
153,0.765,8.12453,2,7.43215,8.81692,-1,152.488,144.364
154,0.77,8.23328,2,7.6339,9.01667,-1,152.488,144.255
155,0.775,8.75242,2,8.15204,9.53281,0,144.336,144.336
156,0.78,7.62988,2,6.94049,8.31926,0,144.336,144.336
157,0.785,9.51483,2,8.82645,10.2032,0,144.336,144.336
158,0.79,8.7491,2,8.06172,9.43649,0,144.336,144.336
159,0.795,7.98914,2,7.30275,8.67552,1,137.033,145.023
160,0.8,9.68463,2,8.91925,10.29,0,147.323,147.323
161,0.805,8.51123,2,7.82684,9.19561,0,147.323,147.323
162,0.81,7.82926,2,7.14588,8.51265,0,147.323,147.323
163,0.815,7.70517,2,7.02279,8.38756,0,147.323,147.323
164,0.82,7.18957,2,6.50819,7.87096,0,147.323,147.323
165,0.825,6.63545,2,5.95506,7.31583,0,147.323,147.323
166,0.83,7.74377,2,7.06439,8.42316,0,147.323,147.323
167,0.835,7.22977,2,6.55139,7.90816,1,140.772,148.002
168,0.84,7.25713,2,6.51575,7.87052,1,140.772,148.029
169,0.845,6.56316,2,5.82477,7.17754,1,140.772,147.335
170,0.85,6.29807,2,5.56268,6.91345,2,135.209,147.806
171,0.855,6.74143,2,5.95104,7.29981,2,135.209,148.692
172,0.86,6.62883,2,5.84345,7.19022,2,135.209,148.467
173,0.865,6.24892,2,5.46853,6.8133,2,135.209,147.707
174,0.87,4.62391,2,3.84853,5.1913,2,135.209,144.457
175,0.875,4.58282,2,3.81243,5.1532,2,135.209,144.375
176,0.88,3.95395,2,3.18857,4.52734,2,136.548,144.456
177,0.885,3.96462,2,3.20424,4.54101,3,133.344,145.238
178,0.89,4.52604,2,3.72666,5.06143,3,133.344,146.922
179,0.895,3.95136,2,3.15898,4.49175,3,133.344,145.198
180,0.9,3.23825,2,2.45287,3.78364,3,133.344,143.059
181,0.905,3.09171,2,2.31332,3.6421,3,133.344,142.619
182,0.91,3.23615,2,2.46477,3.79154,3,134.671,144.379
183,0.915,2.45041,2,1.68602,3.01079,3,134.671,142.022
184,0.92,2.14704,2,1.38966,2.71243,2,137.383,141.677
185,0.925,1.84027,2,1.11989,2.44066,3,136.263,141.784
186,0.93,1.87698,2,1.1336,2.45237,2,138.716,142.47
187,0.935,1.82609,2,1.1157,2.43247,1,141.148,142.974
188,0.94,1.88589,2,1.20451,2.51928,2,139.944,143.715
189,0.945,2.02587,2,1.32549,2.63826,2,139.944,143.995
190,0.95,1.89579,2,1.2004,2.51118,1,142.455,144.351
191,0.955,2.06512,2,1.39273,2.7015,1,142.455,144.52
192,0.96,1.88685,2,1.21747,2.52424,1,142.455,144.342
193,0.965,1.54111,2,0.874727,2.1795,1,142.455,143.996
194,0.97,1.56809,2,0.904709,2.20748,1,142.455,144.023
195,0.975,1.4337,2,0.773317,2.07409,1,142.455,143.888
196,0.98,1.44183,2,0.78444,2.08321,1,142.455,143.897
197,0.985,1.74585,2,1.09147,2.38824,1,143.752,145.497
198,0.99,1.32832,2,0.676934,1.9717,1,143.752,145.08
199,0.995,1.37737,2,0.728986,2.02176,2,143.023,145.777
